"Affected Versions","Created","Fixed Version","Key","Project"
"","2021-12-17T10:35:38","36","OPENJPA-2896","OpenJPA"
"35","2021-11-30T09:29:45","36","OPENJPA-2891","OpenJPA"
"35","2021-11-22T15:06:21","36","OPENJPA-2889","OpenJPA"
"35","2021-10-21T13:46:08","36","OPENJPA-2883","OpenJPA"
"","2021-10-12T22:04:20","36","OPENJPA-2882","OpenJPA"
"","2021-07-12T13:50:32","36","OPENJPA-2877","OpenJPA"
"31","2021-06-10T18:54:23","36","OPENJPA-2876","OpenJPA"
"34","2021-04-10T10:25:45","35","OPENJPA-2866","OpenJPA"
"34","2021-04-09T12:26:11","35","OPENJPA-2865","OpenJPA"
"34","2021-04-08T12:53:45","35","OPENJPA-2864","OpenJPA"
"34","2021-04-08T09:41:12","35","OPENJPA-2863","OpenJPA"
"34","2021-04-06T20:28:56","35","OPENJPA-2862","OpenJPA"
"34","2021-04-06T14:51:18","35","OPENJPA-2861","OpenJPA"
"34","2021-04-05T16:16:29","35","OPENJPA-2860","OpenJPA"
"34","2021-04-04T11:50:14","35","OPENJPA-2859","OpenJPA"
"34","2021-04-03T20:42:43","35","OPENJPA-2858","OpenJPA"
"34","2021-04-03T14:08:01","35","OPENJPA-2857","OpenJPA"
"34","2021-04-03T06:41:38","35","OPENJPA-2856","OpenJPA"
"34","2021-04-01T15:01:37","35","OPENJPA-2854","OpenJPA"
"34","2021-03-30T15:13:25","35","OPENJPA-2851","OpenJPA"
"34","2021-03-30T07:19:27","35","OPENJPA-2850","OpenJPA"
"34","2021-03-28T12:26:01","35","OPENJPA-2849","OpenJPA"
"34","2021-03-04T15:15:54","35","OPENJPA-2848","OpenJPA"
"34","2020-12-01T11:11:30","35","OPENJPA-2843","OpenJPA"
"34","2020-11-30T18:53:01","35","OPENJPA-2842","OpenJPA"
"33","2020-09-30T09:53:55","35","OPENJPA-2834","OpenJPA"
"","2020-09-28T15:50:25","35","OPENJPA-2832","OpenJPA"
"","2020-09-15T15:53:10","35","OPENJPA-2830","OpenJPA"
"","2020-09-15T14:57:05","35","OPENJPA-2829","OpenJPA"
"34","2020-09-15T09:58:35","35","OPENJPA-2828","OpenJPA"
"34","2020-07-23T11:53:56","35","OPENJPA-2821","OpenJPA"
"33","2020-04-22T02:13:52","34","OPENJPA-2810","OpenJPA"
"33","2020-02-28T10:01:17","34","OPENJPA-2807","OpenJPA"
"32","2019-12-18T07:31:13","33","OPENJPA-2799","OpenJPA"
"30,32","2019-08-29T09:45:43","35","OPENJPA-2795","OpenJPA"
"30","2019-06-18T16:33:58","35","OPENJPA-2789","OpenJPA"
"32","2019-04-18T07:46:06","35","OPENJPA-2788","OpenJPA"
"","2019-03-21T19:36:51","32","OPENJPA-2781","OpenJPA"
"29,30,31","2019-03-20T13:26:29","32","OPENJPA-2780","OpenJPA"
"31","2019-03-01T10:40:48","32","OPENJPA-2777","OpenJPA"
"31","2019-02-02T12:15:54","32","OPENJPA-2772","OpenJPA"
"31","2019-02-02T09:21:53","32","OPENJPA-2771","OpenJPA"
"29,30,31","2019-01-22T23:30:15","32","OPENJPA-2770","OpenJPA"
"31","2019-01-10T11:28:22","32","OPENJPA-2768","OpenJPA"
"31","2019-01-02T08:57:54","32","OPENJPA-2764","OpenJPA"
"23,30,31","2018-12-07T16:46:30","32","OPENJPA-2761","OpenJPA"
"31","2018-11-10T20:15:20","32","OPENJPA-2757","OpenJPA"
"31","2018-11-10T19:46:56","32","OPENJPA-2756","OpenJPA"
"","2018-08-16T05:23:46","32","OPENJPA-2746","OpenJPA"
"29","2018-07-12T15:19:47","33","OPENJPA-2743","OpenJPA"
"29","2018-04-09T00:34:55","32","OPENJPA-2733","OpenJPA"
"29","2018-01-03T13:45:05","30","OPENJPA-2725","OpenJPA"
"21","2017-07-14T15:41:06","30","OPENJPA-2705","OpenJPA"
"25","2017-07-07T13:20:03","32","OPENJPA-2704","OpenJPA"
"25","2017-05-01T22:41:02","30","OPENJPA-2698","OpenJPA"
"29","2017-03-09T18:02:29","30","OPENJPA-2690","OpenJPA"
"29,31","2017-02-27T10:07:10","30","OPENJPA-2689","OpenJPA"
"26,28","2016-12-15T14:25:07","29","OPENJPA-2684","OpenJPA"
"28","2016-10-20T07:49:18","29","OPENJPA-2675","OpenJPA"
"28","2016-10-18T11:48:15","29","OPENJPA-2674","OpenJPA"
"28","2016-10-10T16:42:39","29","OPENJPA-2672","OpenJPA"
"28","2016-08-21T13:06:43","29","OPENJPA-2658","OpenJPA"
"25,26,28","2016-08-08T21:13:08","29","OPENJPA-2651","OpenJPA"
"26,29","2016-07-15T03:23:37","29","OPENJPA-2650","OpenJPA"
"28","2016-07-01T09:19:58","35","OPENJPA-2648","OpenJPA"
"28","2016-06-21T17:20:03","30","OPENJPA-2646","OpenJPA"
"28","2016-04-12T13:21:49","29","OPENJPA-2640","OpenJPA"
"28","2016-03-04T13:42:04","29","OPENJPA-2632","OpenJPA"
"28","2016-02-11T23:28:57","29","OPENJPA-2631","OpenJPA"
"27","2016-01-29T10:36:04","28","OPENJPA-2626","OpenJPA"
"27","2015-11-27T12:10:54","28","OPENJPA-2617","OpenJPA"
"3,4,5,6,7,8,10,13,17,18,19,20,21,22,23,24,25,26,27","2015-11-23T15:31:01","28","OPENJPA-2616","OpenJPA"
"27","2015-11-17T14:11:47","36","OPENJPA-2614","OpenJPA"
"27","2015-10-05T21:56:59","28","OPENJPA-2609","OpenJPA"
"25,27","2015-08-11T18:36:24","28","OPENJPA-2605","OpenJPA"
"26,27","2015-07-20T18:20:43","28","OPENJPA-2601","OpenJPA"
"27","2015-06-29T19:29:02","28","OPENJPA-2600","OpenJPA"
"","2015-06-29T04:09:57","28","OPENJPA-2597","OpenJPA"
"27","2015-06-06T14:45:37","28","OPENJPA-2596","OpenJPA"
"25,28","2015-05-15T00:04:10","28","OPENJPA-2586","OpenJPA"
"27","2015-05-05T09:00:30","28","OPENJPA-2582","OpenJPA"
"26","2015-04-07T06:09:40","27","OPENJPA-2576","OpenJPA"
"27","2015-02-25T23:42:29","28","OPENJPA-2571","OpenJPA"
"26","2015-02-02T15:35:48","32","OPENJPA-2567","OpenJPA"
"25,26,27","2015-01-10T02:02:11","27","OPENJPA-2557","OpenJPA"
"25,26","2015-01-06T14:58:50","32","OPENJPA-2555","OpenJPA"
"25,26,27","2014-11-25T16:58:25","27","OPENJPA-2547","OpenJPA"
"26,27","2014-11-11T14:51:15","27","OPENJPA-2542","OpenJPA"
"20","2014-10-24T02:39:01","28","OPENJPA-2539","OpenJPA"
"26,27","2014-10-14T00:00:43","27","OPENJPA-2536","OpenJPA"
"26,27","2014-10-07T15:50:18","27","OPENJPA-2534","OpenJPA"
"25,26,27","2014-10-07T00:28:08","27","OPENJPA-2533","OpenJPA"
"25","2014-08-22T23:58:59","27","OPENJPA-2525","OpenJPA"
"22,23,25,26","2014-07-15T08:50:03","28","OPENJPA-2517","OpenJPA"
"26,27","2014-07-08T18:07:46","27","OPENJPA-2515","OpenJPA"
"25,26,27","2014-05-29T14:07:08","27","OPENJPA-2508","OpenJPA"
"22,26,27","2014-05-27T20:57:04","27","OPENJPA-2507","OpenJPA"
"18,21,25,26,27","2014-05-23T17:56:26","27","OPENJPA-2506","OpenJPA"
"20,25,26,27","2014-05-16T15:55:17","27","OPENJPA-2505","OpenJPA"
"23,25,26,27","2014-05-09T17:25:08","27","OPENJPA-2502","OpenJPA"
"26,27","2014-04-14T16:42:42","27","OPENJPA-2494","OpenJPA"
"21,25,26,27","2014-03-11T20:41:17","27","OPENJPA-2482","OpenJPA"
"25,26,27","2014-02-12T18:16:55","27","OPENJPA-2478","OpenJPA"
"20,22,26,27","2014-02-07T17:58:42","27","OPENJPA-2476","OpenJPA"
"21,25,26,27","2014-01-30T18:30:11","27","OPENJPA-2475","OpenJPA"
"25,26","2014-01-17T23:22:59","28","OPENJPA-2472","OpenJPA"
"18,21,25","2014-01-15T01:10:23","28","OPENJPA-2470","OpenJPA"
"25","2013-12-20T21:52:46","27","OPENJPA-2467","OpenJPA"
"18,25","2013-12-04T15:53:46","27","OPENJPA-2463","OpenJPA"
"","2013-10-11T16:09:54","26","OPENJPA-2437","OpenJPA"
"20,25,26","2013-10-09T01:02:08","26","OPENJPA-2435","OpenJPA"
"","2013-09-27T12:05:21","26","OPENJPA-2432","OpenJPA"
"21,25,26","2013-08-26T17:56:29","26","OPENJPA-2423","OpenJPA"
"25,26","2013-08-14T10:46:03","26","OPENJPA-2421","OpenJPA"
"25","2013-07-11T08:11:36","26","OPENJPA-2409","OpenJPA"
"","2013-06-25T09:38:19","26","OPENJPA-2405","OpenJPA"
"","2013-06-14T15:29:15","26","OPENJPA-2400","OpenJPA"
"","2013-05-31T15:16:49","26","OPENJPA-2391","OpenJPA"
"23","2013-05-29T12:40:07","26","OPENJPA-2390","OpenJPA"
"25","2013-05-15T15:13:41","27","OPENJPA-2381","OpenJPA"
"","2013-04-25T10:15:48","26","OPENJPA-2377","OpenJPA"
"23,26","2013-04-23T15:00:34","27","OPENJPA-2374","OpenJPA"
"23","2013-04-15T20:02:39","27","OPENJPA-2369","OpenJPA"
"22,23","2013-03-22T17:31:42","24","OPENJPA-2357","OpenJPA"
"","2013-03-20T22:50:42","24","OPENJPA-2355","OpenJPA"
"23,26","2013-03-01T14:56:12","26","OPENJPA-2343","OpenJPA"
"22","2013-02-27T16:24:14","28","OPENJPA-2341","OpenJPA"
"","2013-02-19T22:29:21","24","OPENJPA-2336","OpenJPA"
"","2013-02-19T20:27:56","26","OPENJPA-2335","OpenJPA"
"22,23","2013-02-07T11:03:23","26","OPENJPA-2330","OpenJPA"
"21,22,23","2013-01-31T08:44:50","24","OPENJPA-2328","OpenJPA"
"","2013-01-10T21:14:08","24","OPENJPA-2321","OpenJPA"
"","2013-01-08T02:38:28","24","OPENJPA-2320","OpenJPA"
"21","2013-01-05T00:50:14","26","OPENJPA-2318","OpenJPA"
"","2012-12-11T18:14","24","OPENJPA-2304","OpenJPA"
"23","2012-11-26T09:04:08","29","OPENJPA-2300","OpenJPA"
"22,26","2012-11-16T17:18:32","24","OPENJPA-2298","OpenJPA"
"18,21,22,26","2012-10-31T18:40:55","24","OPENJPA-2289","OpenJPA"
"21,22","2012-10-29T14:54:53","24","OPENJPA-2288","OpenJPA"
"22","2012-10-29T11:03:29","27","OPENJPA-2287","OpenJPA"
"22","2012-10-26T10:50:54","29","OPENJPA-2286","OpenJPA"
"18,23,26","2012-10-25T19:07:19","24","OPENJPA-2284","OpenJPA"
"","2012-10-02T08:48:35","23","OPENJPA-2271","OpenJPA"
"22,26","2012-09-27T18:49:01","23","OPENJPA-2269","OpenJPA"
"22,26","2012-09-26T02:29:02","23","OPENJPA-2267","OpenJPA"
"20,21,22","2012-09-10T16:50:51","23","OPENJPA-2261","OpenJPA"
"20,21,22","2012-09-10T15:50:58","23","OPENJPA-2260","OpenJPA"
"","2012-09-03T10:28:41","23","OPENJPA-2257","OpenJPA"
"21","2012-08-31T01:15:52","23","OPENJPA-2255","OpenJPA"
"22,26","2012-08-20T10:08:44","26","OPENJPA-2253","OpenJPA"
"18,23,26","2012-08-03T15:29:58","23","OPENJPA-2247","OpenJPA"
"22,26","2012-08-02T12:41:30","29","OPENJPA-2245","OpenJPA"
"18,21,22","2012-08-01T21:43:18","24","OPENJPA-2244","OpenJPA"
"22,23,26","2012-07-25T10:32:53","24","OPENJPA-2240","OpenJPA"
"22,26","2012-07-23T14:41:17","23","OPENJPA-2238","OpenJPA"
"23,26","2012-07-19T22:03:20","24","OPENJPA-2236","OpenJPA"
"21,22,26","2012-07-19T15:55:22","24","OPENJPA-2235","OpenJPA"
"18","2012-07-19T10:06:09","23","OPENJPA-2234","OpenJPA"
"18,20,22,26","2012-07-17T15:39:50","27","OPENJPA-2233","OpenJPA"
"22,23,26","2012-07-12T14:19:25","23","OPENJPA-2229","OpenJPA"
"22,26","2012-07-10T18:48:54","23","OPENJPA-2228","OpenJPA"
"17,20,22","2012-07-09T19:24:05","23","OPENJPA-2227","OpenJPA"
"20","2012-06-28T14:47:38","26","OPENJPA-2221","OpenJPA"
"17,20,22,26","2012-05-17T16:23:16","23","OPENJPA-2199","OpenJPA"
"22","2012-05-16T22:10:22","23","OPENJPA-2197","OpenJPA"
"22","2012-05-16T04:41:22","23","OPENJPA-2196","OpenJPA"
"17,20,22,26","2012-05-12T09:49:13","23","OPENJPA-2191","OpenJPA"
"22","2012-05-09T12:57:07","23","OPENJPA-2187","OpenJPA"
"22","2012-04-26T12:40:39","23","OPENJPA-2178","OpenJPA"
"20,22","2012-04-17T20:40:17","23","OPENJPA-2174","OpenJPA"
"22,23,26","2012-04-13T18:32:50","24","OPENJPA-2172","OpenJPA"
"22,26","2012-04-10T19:29:11","23","OPENJPA-2170","OpenJPA"
"18,23,26","2012-03-27T20:56:55","23","OPENJPA-2163","OpenJPA"
"22,26","2012-03-25T14:50:11","23","OPENJPA-2161","OpenJPA"
"21,22,26","2012-03-21T18:58:44","23","OPENJPA-2158","OpenJPA"
"22,26","2012-03-16T16:41:09","23","OPENJPA-2156","OpenJPA"
"22,26","2012-03-12T05:00:38","23","OPENJPA-2154","OpenJPA"
"22,26","2012-03-09T21:57:55","23","OPENJPA-2153","OpenJPA"
"18,21","2012-03-05T07:50:18","23","OPENJPA-2149","OpenJPA"
"17,18,20,21,22,23","2012-02-27T22:17:52","23","OPENJPA-2146","OpenJPA"
"22,23,26","2012-02-27T19:22:14","23","OPENJPA-2145","OpenJPA"
"17,21,22,26","2012-02-21T20:18:25","23","OPENJPA-2136","OpenJPA"
"21","2012-02-15T16:16:04","23","OPENJPA-2133","OpenJPA"
"18,21,22","2012-02-14T20:48:29","23","OPENJPA-2132","OpenJPA"
"21","2012-02-14T20:23:53","23","OPENJPA-2131","OpenJPA"
"17,18,20,26","2012-02-09T20:00:47","22","OPENJPA-2124","OpenJPA"
"17,20,22","2012-01-30T22:14:15","23","OPENJPA-2118","OpenJPA"
"21,22,24","2012-01-26T18:19:22","24","OPENJPA-2117","OpenJPA"
"13,21","2012-01-17T20:04:35","23","OPENJPA-2110","OpenJPA"
"18,20,22","2012-01-11T17:53:59","23","OPENJPA-2107","OpenJPA"
"18,22","2011-12-28T04:57:17","23","OPENJPA-2102","OpenJPA"
"22,24","2011-12-16T22:22:46","23","OPENJPA-2095","OpenJPA"
"","2011-12-13T21:24:47","27","OPENJPA-2094","OpenJPA"
"","2011-12-07T12:00:58","22","OPENJPA-2088","OpenJPA"
"21","2011-11-29T19:26:18","22","OPENJPA-2083","OpenJPA"
"10,13,24","2011-11-09T08:12:15","23","OPENJPA-2072","OpenJPA"
"22,24","2011-10-28T20:45:42","23","OPENJPA-2067","OpenJPA"
"6,21,22","2011-10-26T00:39:57","22","OPENJPA-2066","OpenJPA"
"20,21,22","2011-10-25T18:01:35","22","OPENJPA-2065","OpenJPA"
"22","2011-10-13T21:54","27","OPENJPA-2060","OpenJPA"
"17,18,21","2011-10-04T10:41:39","22","OPENJPA-2056","OpenJPA"
"20","2011-09-30T18:26:06","27","OPENJPA-2055","OpenJPA"
"17","2011-09-29T14:58:38","23","OPENJPA-2053","OpenJPA"
"17,21,22","2011-09-15T21:12:58","23","OPENJPA-2051","OpenJPA"
"20,22","2011-09-01T14:03:16","22","OPENJPA-2045","OpenJPA"
"18,21,22","2011-08-25T11:30:52","22","OPENJPA-2044","OpenJPA"
"21,22","2011-08-10T22:03:53","22","OPENJPA-2039","OpenJPA"
"21","2011-08-10T17:10:27","22","OPENJPA-2038","OpenJPA"
"20","2011-07-27T21:22:06","22","OPENJPA-2036","OpenJPA"
"20","2011-07-22T06:33:55","21","OPENJPA-2034","OpenJPA"
"20","2011-07-06T18:03:24","21","OPENJPA-2027","OpenJPA"
"20","2011-06-30T16:09:40","21","OPENJPA-2025","OpenJPA"
"20,21,22","2011-06-25T18:55:20","27","OPENJPA-2022","OpenJPA"
"20","2011-06-15T17:08:54","26","OPENJPA-2018","OpenJPA"
"20","2011-06-09T06:52:36","21","OPENJPA-2013","OpenJPA"
"18,20","2011-06-08T22:06:43","22","OPENJPA-2011","OpenJPA"
"18,20","2011-06-08T20:10:10","22","OPENJPA-2010","OpenJPA"
"20","2011-06-06T19:13:50","22","OPENJPA-2008","OpenJPA"
"17,18,20,22","2011-05-25T19:51:51","21","OPENJPA-2007","OpenJPA"
"13,20,22","2011-05-25T14:59:59","22","OPENJPA-2006","OpenJPA"
"20","2011-05-24T18:24:18","21","OPENJPA-2005","OpenJPA"
"20","2011-05-14T11:40:49","21","OPENJPA-2000","OpenJPA"
"20","2011-05-10T19:37:34","21","OPENJPA-1996","OpenJPA"
"","2011-05-10T02:40:36","21","OPENJPA-1995","OpenJPA"
"","2011-05-05T18:00:55","21","OPENJPA-1994","OpenJPA"
"3,4,5,7,8,10,13,17,18,19,20","2011-05-04T20:12:30","32","OPENJPA-1993","OpenJPA"
"20","2011-05-04T09:40:59","21","OPENJPA-1992","OpenJPA"
"20,22","2011-04-28T15:55:27","21","OPENJPA-1989","OpenJPA"
"18,20,22","2011-04-27T16:44:53","21","OPENJPA-1986","OpenJPA"
"20","2011-04-26T12:42:28","21","OPENJPA-1985","OpenJPA"
"20,21,22","2011-04-24T21:11:58","21","OPENJPA-1984","OpenJPA"
"20,22","2011-04-19T19:51:26","26","OPENJPA-1983","OpenJPA"
"20","2011-04-14T14:31:04","21","OPENJPA-1981","OpenJPA"
"9,17","2011-04-12T20:33:39","24","OPENJPA-1979","OpenJPA"
"18,20","2011-04-07T20:57:51","21","OPENJPA-1975","OpenJPA"
"20,22","2011-04-04T10:20:01","21","OPENJPA-1974","OpenJPA"
"20,21,22","2011-03-30T17:39:19","21","OPENJPA-1969","OpenJPA"
"20,21,22","2011-03-29T16:23:57","21","OPENJPA-1968","OpenJPA"
"20,22","2011-03-15T23:19:03","21","OPENJPA-1960","OpenJPA"
"13,18,20,22","2011-03-12T19:04:01","21","OPENJPA-1959","OpenJPA"
"13,18,20,22","2011-03-12T16:11:16","21","OPENJPA-1958","OpenJPA"
"13,18,20","2011-03-09T00:11:37","21","OPENJPA-1957","OpenJPA"
"13,17,20,22","2011-03-02T16:22:48","26","OPENJPA-1954","OpenJPA"
"13,20","2011-02-18T14:37:08","21","OPENJPA-1944","OpenJPA"
"18,20,22","2011-02-17T21:01","20","OPENJPA-1943","OpenJPA"
"20","2011-02-16T19:42:31","21","OPENJPA-1940","OpenJPA"
"13,18,20","2011-02-14T22:30:03","21","OPENJPA-1939","OpenJPA"
"20","2011-01-30T10:38:57","22","OPENJPA-1932","OpenJPA"
"10,18","2011-01-20T23:43:52","21","OPENJPA-1928","OpenJPA"
"","2011-01-14T21:52:32","20","OPENJPA-1923","OpenJPA"
"18,20,22","2011-01-06T14:11:24","20","OPENJPA-1918","OpenJPA"
"17,18,20","2011-01-03T19:48:09","20","OPENJPA-1912","OpenJPA"
"13,18,19,20,22","2011-01-03T18:51:17","20","OPENJPA-1911","OpenJPA"
"18,20,22","2011-01-02T16:51:28","20","OPENJPA-1910","OpenJPA"
"17,18,20","2010-12-31T12:50:58","20","OPENJPA-1909","OpenJPA"
"8,10,13,17,18","2010-12-10T21:37:42","20","OPENJPA-1905","OpenJPA"
"18","2010-12-06T19:05:34","22","OPENJPA-1903","OpenJPA"
"","2010-11-30T19:03:25","20","OPENJPA-1902","OpenJPA"
"17,18","2010-11-30T16:29:30","22","OPENJPA-1901","OpenJPA"
"18,20,22","2010-11-30T09:20:13","20","OPENJPA-1900","OpenJPA"
"18","2010-11-29T16:37:32","20","OPENJPA-1898","OpenJPA"
"18","2010-11-23T17:29:49","20","OPENJPA-1897","OpenJPA"
"18,20,22","2010-11-23T16:32:43","20","OPENJPA-1896","OpenJPA"
"18","2010-11-22T16:33:50","20","OPENJPA-1893","OpenJPA"
"17,20","2010-11-19T09:09:47","20","OPENJPA-1892","OpenJPA"
"18","2010-11-17T20:57:25","20","OPENJPA-1890","OpenJPA"
"20","2010-11-12T18:48:36","21","OPENJPA-1884","OpenJPA"
"18","2010-11-08T17:19:08","20","OPENJPA-1877","OpenJPA"
"13,17,18","2010-11-05T14:30:22","20","OPENJPA-1874","OpenJPA"
"17,18","2010-11-04T19:57:14","22","OPENJPA-1873","OpenJPA"
"","2010-11-03T16:01:39","20","OPENJPA-1870","OpenJPA"
"18,20","2010-11-01T20:04:37","20","OPENJPA-1866","OpenJPA"
"17,20,22","2010-10-26T19:32:38","20","OPENJPA-1856","OpenJPA"
"17,18","2010-10-24T10:27:20","20","OPENJPA-1853","OpenJPA"
"18","2010-10-20T10:27:48","21","OPENJPA-1845","OpenJPA"
"18","2010-10-15T22:17:50","20","OPENJPA-1837","OpenJPA"
"17","2010-10-12T19:13:14","20","OPENJPA-1831","OpenJPA"
"17","2010-10-11T18:05:46","20","OPENJPA-1830","OpenJPA"
"18","2010-09-30T09:57:24","26","OPENJPA-1819","OpenJPA"
"17","2010-09-29T10:39:37","20","OPENJPA-1818","OpenJPA"
"13,20","2010-09-24T18:15:08","20","OPENJPA-1814","OpenJPA"
"17","2010-09-22T19:54:20","20","OPENJPA-1811","OpenJPA"
"18,20","2010-09-21T16:41:47","20","OPENJPA-1810","OpenJPA"
"17,18,20","2010-09-21T16:17:04","20","OPENJPA-1809","OpenJPA"
"18","2010-09-18T19:54:09","20","OPENJPA-1804","OpenJPA"
"18,20","2010-09-16T21:11:56","20","OPENJPA-1801","OpenJPA"
"17","2010-09-16T19:36:03","20","OPENJPA-1800","OpenJPA"
"17","2010-09-15T09:07:35","26","OPENJPA-1794","OpenJPA"
"18","2010-09-13T08:30:21","20","OPENJPA-1790","OpenJPA"
"17,18","2010-09-10T17:23:17","20","OPENJPA-1788","OpenJPA"
"18,20,22","2010-09-10T16:23:51","21","OPENJPA-1787","OpenJPA"
"18","2010-09-08T13:31:29","20","OPENJPA-1784","OpenJPA"
"17,20","2010-08-19T14:31:33","18","OPENJPA-1770","OpenJPA"
"17,20","2010-08-18T21:22:42","18","OPENJPA-1769","OpenJPA"
"17,20","2010-08-13T19:48:39","21","OPENJPA-1768","OpenJPA"
"17,20","2010-08-12T18:23:20","20","OPENJPA-1765","OpenJPA"
"18,20","2010-08-09T19:42:31","20","OPENJPA-1762","OpenJPA"
"17,20","2010-08-02T18:15:45","18","OPENJPA-1757","OpenJPA"
"","2010-08-01T21:59:53","18","OPENJPA-1756","OpenJPA"
"17","2010-07-28T14:18:38","18","OPENJPA-1749","OpenJPA"
"13","2010-07-23T20:06:07","22","OPENJPA-1746","OpenJPA"
"13,17,20","2010-07-22T01:11:03","20","OPENJPA-1743","OpenJPA"
"17","2010-07-21T22:57:15","18","OPENJPA-1742","OpenJPA"
"17,18,20","2010-07-21T18:52:14","18","OPENJPA-1738","OpenJPA"
"17","2010-07-21T12:17:23","18","OPENJPA-1737","OpenJPA"
"17","2010-07-21T10:55:59","18","OPENJPA-1736","OpenJPA"
"17,20","2010-07-16T17:48:34","18","OPENJPA-1727","OpenJPA"
"13,17,20","2010-07-14T09:24:35","21","OPENJPA-1725","OpenJPA"
"17","2010-07-12T18:02:30","18","OPENJPA-1722","OpenJPA"
"17","2010-07-07T15:03:37","18","OPENJPA-1719","OpenJPA"
"6,13,17","2010-06-30T15:29:06","18","OPENJPA-1713","OpenJPA"
"13,17,20","2010-06-21T15:26:03","18","OPENJPA-1704","OpenJPA"
"8,17","2010-06-18T01:18:20","27","OPENJPA-1702","OpenJPA"
"17","2010-06-12T02:27:48","18","OPENJPA-1696","OpenJPA"
"6,17,20","2010-06-11T21:43:25","18","OPENJPA-1695","OpenJPA"
"17,20","2010-06-10T21:59:46","20","OPENJPA-1692","OpenJPA"
"13,17,18","2010-06-10T17:31:33","22","OPENJPA-1691","OpenJPA"
"17","2010-06-09T14:30:40","18","OPENJPA-1690","OpenJPA"
"17","2010-06-09T13:37:29","18","OPENJPA-1689","OpenJPA"
"","2010-06-08T01:49:27","22","OPENJPA-1686","OpenJPA"
"17","2010-06-07T15:22:17","18","OPENJPA-1685","OpenJPA"
"","2010-06-05T17:03:15","20","OPENJPA-1683","OpenJPA"
"6,7,13,17,20","2010-06-02T16:35:27","18","OPENJPA-1678","OpenJPA"
"17,20","2010-05-31T15:44:29","18","OPENJPA-1676","OpenJPA"
"13,17","2010-05-19T15:48:53","18","OPENJPA-1670","OpenJPA"
"7,13,17","2010-05-17T18:08:44","18","OPENJPA-1668","OpenJPA"
"17","2010-05-16T11:56:06","18","OPENJPA-1667","OpenJPA"
"17","2010-05-12T16:08:24","21","OPENJPA-1665","OpenJPA"
"","2010-05-11T19:47:06","20","OPENJPA-1662","OpenJPA"
"","2010-05-10T15:45:45","21","OPENJPA-1657","OpenJPA"
"","2010-05-04T21:19","20","OPENJPA-1648","OpenJPA"
"13,17","2010-05-03T15:46:27","18","OPENJPA-1646","OpenJPA"
"13,17","2010-04-30T10:48:18","24","OPENJPA-1644","OpenJPA"
"","2010-04-27T16:20:37","18","OPENJPA-1641","OpenJPA"
"17,20","2010-04-19T15:24:16","18","OPENJPA-1634","OpenJPA"
"13,16","2010-04-13T19:48:10","17","OPENJPA-1631","OpenJPA"
"13,16,17,18,20","2010-04-13T19:33:41","17","OPENJPA-1630","OpenJPA"
"16","2010-04-12T10:21:13","20","OPENJPA-1627","OpenJPA"
"6","2010-04-12T03:09:16","18","OPENJPA-1626","OpenJPA"
"16","2010-04-08T16:41:26","17","OPENJPA-1618","OpenJPA"
"15,16","2010-04-06T23:28:33","20","OPENJPA-1613","OpenJPA"
"16","2010-03-31T15:51:46","17","OPENJPA-1605","OpenJPA"
"15,16,17","2010-03-25T03:13:04","17","OPENJPA-1599","OpenJPA"
"16","2010-03-24T15:04:41","17","OPENJPA-1597","OpenJPA"
"15","2010-03-23T18:39:47","16","OPENJPA-1596","OpenJPA"
"","2010-03-18T16:55:14","24","OPENJPA-1583","OpenJPA"
"","2010-03-18T14:29:48","16","OPENJPA-1581","OpenJPA"
"15","2010-03-17T16:35:18","16","OPENJPA-1580","OpenJPA"
"15","2010-03-16T14:29","16","OPENJPA-1578","OpenJPA"
"15","2010-03-16T09:54:07","16","OPENJPA-1577","OpenJPA"
"15","2010-03-15T20:07:26","16","OPENJPA-1575","OpenJPA"
"15","2010-03-15T14:27:27","16","OPENJPA-1573","OpenJPA"
"15","2010-03-13T14:12:21","16","OPENJPA-1570","OpenJPA"
"13,15","2010-03-13T04:30:43","24","OPENJPA-1569","OpenJPA"
"9,11,12,14,15","2010-03-11T22:51:41","16","OPENJPA-1565","OpenJPA"
"15","2010-03-11T17:52:56","16","OPENJPA-1562","OpenJPA"
"15","2010-03-09T18:20:13","16","OPENJPA-1556","OpenJPA"
"13,15","2010-03-05T03:32:48","16","OPENJPA-1550","OpenJPA"
"13,15,17","2010-03-02T17:28:06","16","OPENJPA-1547","OpenJPA"
"15","2010-03-02T13:35:35","16","OPENJPA-1546","OpenJPA"
"15","2010-03-01T16:15:57","16","OPENJPA-1544","OpenJPA"
"15","2010-02-25T22:11:04","16","OPENJPA-1543","OpenJPA"
"14","2010-02-25T21:25:07","15","OPENJPA-1542","OpenJPA"
"14,15","2010-02-24T22:55:52","15","OPENJPA-1536","OpenJPA"
"6,7,13,14","2010-02-24T21:34:26","15","OPENJPA-1535","OpenJPA"
"14","2010-02-24T06:49:59","15","OPENJPA-1533","OpenJPA"
"14","2010-02-19T16:50:12","16","OPENJPA-1524","OpenJPA"
"14","2010-02-17T22:37:46","16","OPENJPA-1518","OpenJPA"
"14","2010-02-16T18:00:17","15","OPENJPA-1515","OpenJPA"
"14","2010-02-13T13:43:55","17","OPENJPA-1510","OpenJPA"
"12,14","2010-02-13T00:07:54","15","OPENJPA-1509","OpenJPA"
"14","2010-02-12T03:20:55","15","OPENJPA-1507","OpenJPA"
"15","2010-02-11T16:17:30","16","OPENJPA-1506","OpenJPA"
"14","2010-02-10T17:37:06","15","OPENJPA-1504","OpenJPA"
"","2010-02-09T18:43:32","16","OPENJPA-1503","OpenJPA"
"13,17","2010-02-08T22:40:45","18","OPENJPA-1501","OpenJPA"
"7,13","2010-02-08T22:10:26","16","OPENJPA-1500","OpenJPA"
"14","2010-02-05T06:00:56","15","OPENJPA-1496","OpenJPA"
"14","2010-02-03T06:17:15","15","OPENJPA-1494","OpenJPA"
"14","2010-02-01T17:15:35","16","OPENJPA-1491","OpenJPA"
"14,15","2010-01-28T16:55:12","16","OPENJPA-1486","OpenJPA"
"14","2010-01-27T16:14:45","15","OPENJPA-1485","OpenJPA"
"14","2010-01-26T18:36:06","15","OPENJPA-1483","OpenJPA"
"12,13,14","2010-01-26T18:04:15","16","OPENJPA-1482","OpenJPA"
"12","2010-01-22T12:35:29","14","OPENJPA-1478","OpenJPA"
"","2010-01-21T19:36:52","16","OPENJPA-1477","OpenJPA"
"9,11,12","2010-01-18T19:26:40","14","OPENJPA-1467","OpenJPA"
"","2010-01-15T19:10:48","14","OPENJPA-1464","OpenJPA"
"12","2010-01-15T02:50:30","13","OPENJPA-1461","OpenJPA"
"12,14","2010-01-14T23:29:42","16","OPENJPA-1460","OpenJPA"
"12","2010-01-13T19:21:11","16","OPENJPA-1458","OpenJPA"
"12","2010-01-02T18:53:10","13","OPENJPA-1452","OpenJPA"
"12","2009-12-23T03:12:35","13","OPENJPA-1442","OpenJPA"
"12","2009-12-16T16:55:31","13","OPENJPA-1435","OpenJPA"
"12","2009-12-16T04:26:54","16","OPENJPA-1432","OpenJPA"
"12","2009-12-15T18:44:55","13","OPENJPA-1431","OpenJPA"
"","2009-12-11T00:36:47","14","OPENJPA-1425","OpenJPA"
"10","2009-12-10T18:33:30","18","OPENJPA-1424","OpenJPA"
"12","2009-12-03T23:14:33","13","OPENJPA-1413","OpenJPA"
"12,14,15","2009-12-02T18:13:44","16","OPENJPA-1410","OpenJPA"
"","2009-12-01T21:35:55","14","OPENJPA-1409","OpenJPA"
"12","2009-11-25T22:55:41","13","OPENJPA-1401","OpenJPA"
"10,12","2009-11-23T22:19:10","13","OPENJPA-1400","OpenJPA"
"10,12","2009-11-19T13:43:43","13","OPENJPA-1397","OpenJPA"
"12","2009-11-19T05:58:51","13","OPENJPA-1396","OpenJPA"
"12","2009-11-18T15:38:01","13","OPENJPA-1394","OpenJPA"
"12","2009-11-18T00:18:12","13","OPENJPA-1392","OpenJPA"
"12","2009-11-17T20:43:52","13","OPENJPA-1391","OpenJPA"
"12","2009-11-17T18:07:30","13","OPENJPA-1390","OpenJPA"
"","2009-11-16T18:14:02","13","OPENJPA-1388","OpenJPA"
"12,24","2009-11-13T14:50:35","24","OPENJPA-1387","OpenJPA"
"12","2009-11-13T05:46:22","13","OPENJPA-1386","OpenJPA"
"12","2009-11-12T22:35:25","13","OPENJPA-1385","OpenJPA"
"10","2009-11-12T18:43:45","13","OPENJPA-1384","OpenJPA"
"11","2009-11-12T15:02:32","13","OPENJPA-1383","OpenJPA"
"10","2009-11-11T00:54:42","13","OPENJPA-1380","OpenJPA"
"12","2009-11-09T20:47:12","13","OPENJPA-1379","OpenJPA"
"12","2009-11-06T22:43:57","13","OPENJPA-1377","OpenJPA"
"10,12,20","2009-11-04T23:49:17","21","OPENJPA-1376","OpenJPA"
"12","2009-11-04T21:56:14","13","OPENJPA-1375","OpenJPA"
"10,12","2009-10-31T21:26:20","20","OPENJPA-1372","OpenJPA"
"12","2009-10-30T22:51:47","16","OPENJPA-1371","OpenJPA"
"12","2009-10-30T20:40:25","13","OPENJPA-1370","OpenJPA"
"9,10,11,12,14","2009-10-30T13:00:06","15","OPENJPA-1367","OpenJPA"
"13","2009-10-23T15:53:05","16","OPENJPA-1360","OpenJPA"
"","2009-10-19T18:29:36","13","OPENJPA-1354","OpenJPA"
"12","2009-10-15T06:50:33","13","OPENJPA-1352","OpenJPA"
"12","2009-10-14T23:30:39","13","OPENJPA-1351","OpenJPA"
"7,10,12","2009-10-14T15:58:10","15","OPENJPA-1350","OpenJPA"
"11,12","2009-10-12T00:51:17","13","OPENJPA-1344","OpenJPA"
"8,10","2009-09-25T18:38:22","13","OPENJPA-1328","OpenJPA"
"10","2009-09-23T15:42:32","13","OPENJPA-1326","OpenJPA"
"12","2009-09-23T14:19:06","14","OPENJPA-1325","OpenJPA"
"10","2009-09-21T18:43:05","12","OPENJPA-1321","OpenJPA"
"7,10,11,12","2009-09-18T14:23:43","13","OPENJPA-1308","OpenJPA"
"6,7,10,11","2009-09-15T18:48:53","12","OPENJPA-1302","OpenJPA"
"6,7,10,11","2009-09-11T23:10:43","12","OPENJPA-1295","OpenJPA"
"12","2009-09-11T21:59:51","13","OPENJPA-1294","OpenJPA"
"12","2009-09-11T18:58","14","OPENJPA-1293","OpenJPA"
"12,13","2009-09-09T19:49:55","14","OPENJPA-1289","OpenJPA"
"11","2009-09-03T21:49:58","12","OPENJPA-1286","OpenJPA"
"6,7,10,12","2009-09-02T21:19:57","12","OPENJPA-1284","OpenJPA"
"11","2009-09-02T21:14:46","12","OPENJPA-1283","OpenJPA"
"11","2009-09-02T01:44:19","12","OPENJPA-1281","OpenJPA"
"11","2009-09-01T19:47:30","12","OPENJPA-1279","OpenJPA"
"11","2009-08-28T04:25:27","12","OPENJPA-1269","OpenJPA"
"11","2009-08-19T21:04:55","12","OPENJPA-1256","OpenJPA"
"9,11,12","2009-08-19T15:18:05","12","OPENJPA-1253","OpenJPA"
"11","2009-08-17T16:44:47","12","OPENJPA-1250","OpenJPA"
"6,8,10,13","2009-08-15T11:04:05","16","OPENJPA-1248","OpenJPA"
"11","2009-08-12T21:41:39","12","OPENJPA-1242","OpenJPA"
"","2009-08-09T20:38:17","16","OPENJPA-1234","OpenJPA"
"11","2009-08-07T19:34:36","12","OPENJPA-1232","OpenJPA"
"10","2009-08-05T16:26:53","12","OPENJPA-1227","OpenJPA"
"","2009-08-05T00:12:48","24","OPENJPA-1226","OpenJPA"
"10","2009-08-04T01:57:53","13","OPENJPA-1224","OpenJPA"
"9,11,17","2009-07-31T21:44:50","12","OPENJPA-1218","OpenJPA"
"11","2009-07-30T14:35:03","12","OPENJPA-1211","OpenJPA"
"10","2009-07-29T17:04","16","OPENJPA-1205","OpenJPA"
"","2009-07-29T05:40:52","12","OPENJPA-1204","OpenJPA"
"8,10","2009-07-28T18:17:29","12","OPENJPA-1201","OpenJPA"
"11","2009-07-28T17:45:50","12","OPENJPA-1200","OpenJPA"
"7,10","2009-07-27T15:38:41","12","OPENJPA-1197","OpenJPA"
"12","2009-07-20T16:47:38","15","OPENJPA-1185","OpenJPA"
"10","2009-07-20T15:55:45","12","OPENJPA-1184","OpenJPA"
"","2009-07-08T22:00:13","12","OPENJPA-1168","OpenJPA"
"","2009-07-08T15:31:56","12","OPENJPA-1163","OpenJPA"
"12","2009-06-22T18:51:46","16","OPENJPA-1142","OpenJPA"
"8","2009-06-19T15:35:19","13","OPENJPA-1141","OpenJPA"
"10,17","2009-06-06T08:54:55","12","OPENJPA-1127","OpenJPA"
"10","2009-06-05T11:17:40","16","OPENJPA-1121","OpenJPA"
"6,7,10,17","2009-06-05T09:17:41","12","OPENJPA-1120","OpenJPA"
"11","2009-06-03T13:38:56","12","OPENJPA-1116","OpenJPA"
"10,11","2009-05-22T13:12:16","12","OPENJPA-1100","OpenJPA"
"9,13","2009-05-21T13:45:28","16","OPENJPA-1097","OpenJPA"
"10,11","2009-05-15T17:32:28","17","OPENJPA-1091","OpenJPA"
"11","2009-05-08T15:16:54","16","OPENJPA-1074","OpenJPA"
"10,11","2009-05-07T10:28:46","11","OPENJPA-1070","OpenJPA"
"7,10,11","2009-05-06T15:58:41","11","OPENJPA-1067","OpenJPA"
"8,10","2009-05-05T18:26:31","12","OPENJPA-1061","OpenJPA"
"","2009-04-29T16:41:12","11","OPENJPA-1054","OpenJPA"
"3,11","2009-04-28T16:13:17","11","OPENJPA-1051","OpenJPA"
"10,11","2009-04-22T23:57:50","12","OPENJPA-1049","OpenJPA"
"","2009-04-15T08:33:30","11","OPENJPA-1039","OpenJPA"
"","2009-04-09T19:18:53","11","OPENJPA-1031","OpenJPA"
"10,11","2009-04-07T07:13:37","11","OPENJPA-1025","OpenJPA"
"10,11","2009-04-03T17:18:23","16","OPENJPA-1020","OpenJPA"
"10","2009-03-29T20:03:01","15","OPENJPA-1001","OpenJPA"
"8,10","2009-03-20T13:23:07","13","OPENJPA-993","OpenJPA"
"","2009-03-16T20:24:46","11","OPENJPA-981","OpenJPA"
"","2009-03-10T23:31:59","12","OPENJPA-973","OpenJPA"
"8","2009-03-10T16:32:15","10","OPENJPA-970","OpenJPA"
"8","2009-03-05T16:38:40","10","OPENJPA-955","OpenJPA"
"10,11,19","2009-03-03T17:01:44","11","OPENJPA-951","OpenJPA"
"6,7,8","2009-03-01T22:35:34","11","OPENJPA-947","OpenJPA"
"3,4,5,6,7,8","2009-02-26T18:58:03","14","OPENJPA-944","OpenJPA"
"8,11","2009-02-25T07:58:07","20","OPENJPA-940","OpenJPA"
"8","2009-02-21T11:59:39","16","OPENJPA-935","OpenJPA"
"8,11","2009-02-21T08:24:36","11","OPENJPA-933","OpenJPA"
"8,9,11","2009-02-20T19:50:11","12","OPENJPA-932","OpenJPA"
"8,9,10,11","2009-02-18T06:43:03","10","OPENJPA-925","OpenJPA"
"8,11","2009-02-16T16:38:58","28","OPENJPA-922","OpenJPA"
"8","2009-02-10T14:59:13","10","OPENJPA-917","OpenJPA"
"6,8,11","2009-02-09T19:46:22","10","OPENJPA-916","OpenJPA"
"8","2009-02-09T06:51:26","10","OPENJPA-913","OpenJPA"
"8,9,10,11","2009-02-08T01:33:18","10","OPENJPA-912","OpenJPA"
"8","2009-02-04T19:16:01","10","OPENJPA-898","OpenJPA"
"6,7,8","2009-02-04T16:39:44","11","OPENJPA-896","OpenJPA"
"6,7,8,9,11","2009-02-02T21:31:16","12","OPENJPA-890","OpenJPA"
"8,9,10,11","2009-01-30T14:38:47","10","OPENJPA-884","OpenJPA"
"8,9,10,11","2009-01-30T13:43:54","11","OPENJPA-883","OpenJPA"
"8","2009-01-26T19:05:24","10","OPENJPA-873","OpenJPA"
"8,11","2009-01-23T15:37:26","22","OPENJPA-867","OpenJPA"
"8,11","2009-01-23T14:53:51","10","OPENJPA-866","OpenJPA"
"7,8","2009-01-21T23:30:21","9","OPENJPA-864","OpenJPA"
"8,11","2009-01-19T18:07:33","9","OPENJPA-863","OpenJPA"
"8","2009-01-15T15:48:42","9","OPENJPA-860","OpenJPA"
"8","2009-01-09T00:08:37","9","OPENJPA-853","OpenJPA"
"","2008-12-23T19:25:03","10","OPENJPA-845","OpenJPA"
"8","2008-12-19T18:51:31","10","OPENJPA-838","OpenJPA"
"8","2008-12-19T12:03:53","9","OPENJPA-836","OpenJPA"
"8,10,11","2008-12-18T23:07:23","9","OPENJPA-835","OpenJPA"
"","2008-12-16T01:26:35","24","OPENJPA-828","OpenJPA"
"","2008-12-11T04:09:15","9","OPENJPA-824","OpenJPA"
"","2008-12-04T20:19:14","9","OPENJPA-815","OpenJPA"
"8,11","2008-12-03T18:44:59","10","OPENJPA-811","OpenJPA"
"8","2008-11-27T16:41:30","9","OPENJPA-795","OpenJPA"
"8,10,11","2008-11-21T00:49:22","9","OPENJPA-777","OpenJPA"
"6,8,11","2008-11-19T03:40:32","16","OPENJPA-774","OpenJPA"
"","2008-11-10T20:57:22","9","OPENJPA-764","OpenJPA"
"8","2008-11-04T20:05:46","9","OPENJPA-762","OpenJPA"
"6,10,11,19","2008-11-04T18:02:13","9","OPENJPA-761","OpenJPA"
"","2008-10-30T05:19:16","9","OPENJPA-755","OpenJPA"
"","2008-10-23T20:01:40","9","OPENJPA-751","OpenJPA"
"","2008-10-17T20:26:28","9","OPENJPA-750","OpenJPA"
"8","2008-10-13T22:36:20","9","OPENJPA-745","OpenJPA"
"8,10,12,13,14,15","2008-10-07T22:15:36","16","OPENJPA-740","OpenJPA"
"8","2008-09-25T17:29:55","9","OPENJPA-733","OpenJPA"
"8,10","2008-09-19T17:24:32","9","OPENJPA-731","OpenJPA"
"","2008-09-17T10:42:04","9","OPENJPA-727","OpenJPA"
"8","2008-09-13T17:08:06","9","OPENJPA-724","OpenJPA"
"6,7,8,10,19","2008-09-10T15:36:30","9","OPENJPA-719","OpenJPA"
"3,6,8","2008-09-04T13:07:03","9","OPENJPA-715","OpenJPA"
"6,8","2008-09-04T12:37:58","13","OPENJPA-714","OpenJPA"
"7,8","2008-09-04T11:46:45","9","OPENJPA-713","OpenJPA"
"8","2008-09-03T08:26:10","9","OPENJPA-711","OpenJPA"
"3,4,5,6,7,8,10,19","2008-09-02T21:14:24","9","OPENJPA-710","OpenJPA"
"","2008-08-25T22:00:14","9","OPENJPA-705","OpenJPA"
"","2008-08-25T15:38:14","9","OPENJPA-702","OpenJPA"
"","2008-08-22T17:40:14","9","OPENJPA-700","OpenJPA"
"3","2008-08-22T17:24:33","9","OPENJPA-699","OpenJPA"
"","2008-08-22T15:41:50","9","OPENJPA-698","OpenJPA"
"3,4,5,6,7,8","2008-08-21T15:25:40","26","OPENJPA-696","OpenJPA"
"8","2008-08-19T17:32:40","9","OPENJPA-695","OpenJPA"
"","2008-08-13T01:08:41","9","OPENJPA-693","OpenJPA"
"","2008-08-09T19:13:09","9","OPENJPA-692","OpenJPA"
"","2008-08-08T20:04:46","9","OPENJPA-685","OpenJPA"
"8,10","2008-08-08T01:12:24","16","OPENJPA-680","OpenJPA"
"","2008-08-07T21:32:30","11","OPENJPA-679","OpenJPA"
"6","2008-08-07T18:31:23","9","OPENJPA-678","OpenJPA"
"6,8,10","2008-08-06T16:14:28","22","OPENJPA-677","OpenJPA"
"8","2008-08-06T15:29:48","10","OPENJPA-676","OpenJPA"
"","2008-08-06T01:02:49","8","OPENJPA-674","OpenJPA"
"1,2,3,4,5,6,7","2008-07-28T21:11:05","8","OPENJPA-669","OpenJPA"
"","2008-07-24T17:42:49","8","OPENJPA-665","OpenJPA"
"","2008-07-24T15:16:11","8","OPENJPA-664","OpenJPA"
"","2008-07-17T18:59:43","8","OPENJPA-662","OpenJPA"
"3,4,5,6,7,8,19","2008-07-16T10:09:58","8","OPENJPA-660","OpenJPA"
"6","2008-07-14T17:33:02","7","OPENJPA-659","OpenJPA"
"","2008-07-10T23:36:28","7","OPENJPA-657","OpenJPA"
"5,6,7,8","2008-07-02T17:40:44","9","OPENJPA-650","OpenJPA"
"6","2008-06-30T18:34:26","7","OPENJPA-647","OpenJPA"
"6,7","2008-06-26T20:01:07","7","OPENJPA-645","OpenJPA"
"","2008-06-24T16:43:55","7","OPENJPA-642","OpenJPA"
"5,6","2008-06-09T21:49","7","OPENJPA-630","OpenJPA"
"6","2008-06-09T16:04:49","8","OPENJPA-628","OpenJPA"
"6","2008-06-05T14:00:16","7","OPENJPA-625","OpenJPA"
"6,7,8","2008-06-04T19:47:01","7","OPENJPA-622","OpenJPA"
"6","2008-06-02T19:37:06","8","OPENJPA-619","OpenJPA"
"","2008-05-29T01:29:12","7","OPENJPA-617","OpenJPA"
"","2008-05-28T00:53:25","7","OPENJPA-614","OpenJPA"
"","2008-05-25T22:38:54","7","OPENJPA-612","OpenJPA"
"","2008-05-22T07:03:30","7","OPENJPA-607","OpenJPA"
"","2008-05-20T19:08:31","6","OPENJPA-605","OpenJPA"
"6","2008-05-14T09:51:23","7","OPENJPA-602","OpenJPA"
"","2008-05-08T21:21:05","7","OPENJPA-596","OpenJPA"
"4,5","2008-05-08T17:38:52","6","OPENJPA-594","OpenJPA"
"","2008-05-04T06:37","6","OPENJPA-590","OpenJPA"
"","2008-05-04T06:10:48","6","OPENJPA-589","OpenJPA"
"","2008-05-01T21:58:50","7","OPENJPA-586","OpenJPA"
"6,7,8","2008-04-23T13:54:45","7","OPENJPA-581","OpenJPA"
"","2008-04-23T02:38:36","9","OPENJPA-580","OpenJPA"
"6,8","2008-04-17T00:54:53","7","OPENJPA-574","OpenJPA"
"5,6","2008-04-16T22:20:14","11","OPENJPA-573","OpenJPA"
"5","2008-04-10T10:11:25","6","OPENJPA-567","OpenJPA"
"5,6,7","2008-04-09T03:38:10","6","OPENJPA-565","OpenJPA"
"5","2008-04-04T07:13:41","9","OPENJPA-557","OpenJPA"
"5","2008-04-02T19:47:11","6","OPENJPA-554","OpenJPA"
"5,6,7","2008-04-02T18:10:17","6","OPENJPA-552","OpenJPA"
"5","2008-04-01T16:39:25","8","OPENJPA-550","OpenJPA"
"","2008-03-27T21:43:02","6","OPENJPA-547","OpenJPA"
"3,4,5","2008-03-24T18:38:47","6","OPENJPA-543","OpenJPA"
"3,4,5","2008-03-24T18:14:07","6","OPENJPA-542","OpenJPA"
"3,4,5,6,7","2008-03-19T21:18:25","6","OPENJPA-540","OpenJPA"
"3,4,5","2008-03-17T10:24:39","6","OPENJPA-537","OpenJPA"
"5,7","2008-03-13T03:14:29","6","OPENJPA-536","OpenJPA"
"5","2008-03-11T16:16:57","6","OPENJPA-535","OpenJPA"
"3","2008-03-06T12:00:08","7","OPENJPA-533","OpenJPA"
"","2008-02-29T22:09:19","6","OPENJPA-528","OpenJPA"
"3,5,6,8","2008-02-27T19:28:05","20","OPENJPA-526","OpenJPA"
"3,5,6,10,17","2008-02-27T19:20:04","12","OPENJPA-525","OpenJPA"
"4","2008-02-15T23:05:38","6","OPENJPA-518","OpenJPA"
"3,4,5","2008-02-14T21:01:12","5","OPENJPA-516","OpenJPA"
"0,1,2,3,4","2008-02-08T00:43:47","6","OPENJPA-512","OpenJPA"
"4","2008-02-06T05:12:03","5","OPENJPA-511","OpenJPA"
"","2008-02-05T21:27:58","7","OPENJPA-509","OpenJPA"
"3,4","2008-02-01T20:45:49","5","OPENJPA-508","OpenJPA"
"4","2008-01-18T08:11:05","8","OPENJPA-497","OpenJPA"
"","2008-01-16T21:40:45","7","OPENJPA-495","OpenJPA"
"","2008-01-14T18:06:43","8","OPENJPA-485","OpenJPA"
"4,6","2008-01-11T15:31:07","6","OPENJPA-484","OpenJPA"
"4","2007-12-19T18:04:27","5","OPENJPA-471","OpenJPA"
"0,1,2,3,4","2007-12-19T11:35:27","7","OPENJPA-470","OpenJPA"
"3,4,6,8","2007-12-13T02:40:28","13","OPENJPA-466","OpenJPA"
"2","2007-12-06T14:56:33","7","OPENJPA-462","OpenJPA"
"3","2007-12-05T16:38:29","13","OPENJPA-459","OpenJPA"
"4","2007-12-03T21:47:17","7","OPENJPA-458","OpenJPA"
"3,4","2007-11-27T23:44:28","5","OPENJPA-455","OpenJPA"
"","2007-11-26T11:48:09","5","OPENJPA-452","OpenJPA"
"4","2007-11-19T19:50:59","5","OPENJPA-446","OpenJPA"
"0,1,2,3,4,5,6","2007-11-10T00:43:44","5","OPENJPA-439","OpenJPA"
"3,4,5,6","2007-11-08T14:23:02","5","OPENJPA-437","OpenJPA"
"3","2007-11-01T17:39:40","23","OPENJPA-428","OpenJPA"
"3,6","2007-11-01T13:58:20","5","OPENJPA-427","OpenJPA"
"3","2007-10-30T21:32:11","8","OPENJPA-425","OpenJPA"
"1,2,3","2007-10-28T13:58:06","4","OPENJPA-423","OpenJPA"
"3","2007-10-27T19:51:26","4","OPENJPA-422","OpenJPA"
"3,4,6","2007-10-27T00:35:24","4","OPENJPA-421","OpenJPA"
"0,1,2,3","2007-10-26T05:24:37","5","OPENJPA-419","OpenJPA"
"1,2,3","2007-10-24T18:07:27","4","OPENJPA-416","OpenJPA"
"3","2007-10-23T15:31:17","4","OPENJPA-413","OpenJPA"
"3,4,6","2007-10-19T13:25:13","4","OPENJPA-410","OpenJPA"
"3,4,6","2007-10-18T01:28:47","4","OPENJPA-409","OpenJPA"
"","2007-10-16T20:48:53","4","OPENJPA-405","OpenJPA"
"3","2007-10-12T15:35:41","5","OPENJPA-401","OpenJPA"
"4","2007-10-10T22:48:18","5","OPENJPA-399","OpenJPA"
"3","2007-10-08T15:18:08","4","OPENJPA-397","OpenJPA"
"3,4,6","2007-10-08T14:14:22","4","OPENJPA-396","OpenJPA"
"3,4,6","2007-10-08T14:03:55","4","OPENJPA-395","OpenJPA"
"0,1,2,3","2007-10-04T14:40:31","6","OPENJPA-392","OpenJPA"
"3,4,6","2007-10-01T19:49:53","4","OPENJPA-389","OpenJPA"
"3","2007-09-28T16:51:47","4","OPENJPA-388","OpenJPA"
"3","2007-09-28T01:24:51","4","OPENJPA-387","OpenJPA"
"2,3,5,6,10","2007-09-27T14:26:06","12","OPENJPA-386","OpenJPA"
"3,4,6","2007-09-26T14:04:52","4","OPENJPA-385","OpenJPA"
"","2007-09-24T16:12:04","21","OPENJPA-382","OpenJPA"
"0,1,2,3","2007-09-21T18:48:12","4","OPENJPA-380","OpenJPA"
"0,1,2,3","2007-09-21T05:18:25","4","OPENJPA-379","OpenJPA"
"3,4,6","2007-09-20T19:07:08","4","OPENJPA-378","OpenJPA"
"3,4,6","2007-09-18T17:39:17","4","OPENJPA-375","OpenJPA"
"3","2007-09-14T15:45:57","4","OPENJPA-369","OpenJPA"
"2,3","2007-09-13T14:04:52","4","OPENJPA-368","OpenJPA"
"3","2007-09-12T16:30:38","4","OPENJPA-367","OpenJPA"
"3","2007-09-12T14:27:11","5","OPENJPA-366","OpenJPA"
"","2007-09-12T01:58:22","7","OPENJPA-365","OpenJPA"
"0,1,2,3","2007-09-09T20:43:38","4","OPENJPA-363","OpenJPA"
"3","2007-09-09T14:06:10","4","OPENJPA-361","OpenJPA"
"3,4,6","2007-09-08T19:35:26","4","OPENJPA-360","OpenJPA"
"3","2007-09-08T05:03:51","6","OPENJPA-359","OpenJPA"
"2,3","2007-09-07T22:56:25","4","OPENJPA-357","OpenJPA"
"0,1,2,3","2007-09-07T19:26:39","4","OPENJPA-356","OpenJPA"
"3","2007-09-07T07:41:06","4","OPENJPA-355","OpenJPA"
"3","2007-09-06T21:48:15","4","OPENJPA-353","OpenJPA"
"3","2007-09-05T09:09:50","7","OPENJPA-349","OpenJPA"
"3","2007-08-30T21:18:44","4","OPENJPA-347","OpenJPA"
"3","2007-08-30T18:38","4","OPENJPA-346","OpenJPA"
"0,1,2,3","2007-08-30T16:23:44","35","OPENJPA-345","OpenJPA"
"2,3","2007-08-29T13:15:21","4","OPENJPA-343","OpenJPA"
"","2007-08-28T15:40:33","7","OPENJPA-340","OpenJPA"
"2","2007-08-27T17:21:57","4","OPENJPA-339","OpenJPA"
"3","2007-08-24T20:58:28","4","OPENJPA-335","OpenJPA"
"2,3","2007-08-23T21:08:21","5","OPENJPA-331","OpenJPA"
"2","2007-08-22T03:58:36","4","OPENJPA-326","OpenJPA"
"2","2007-08-17T22:00","3","OPENJPA-321","OpenJPA"
"2","2007-08-16T20:39:23","3","OPENJPA-320","OpenJPA"
"","2007-08-14T17:34:24","3","OPENJPA-314","OpenJPA"
"","2007-08-10T23:14:33","3","OPENJPA-313","OpenJPA"
"0,1,2,3","2007-08-09T19:51:37","3","OPENJPA-311","OpenJPA"
"0,1,2","2007-08-07T00:15:35","3","OPENJPA-308","OpenJPA"
"2","2007-07-31T15:33:10","3","OPENJPA-304","OpenJPA"
"2,3","2007-07-30T20:51:47","3","OPENJPA-303","OpenJPA"
"1","2007-07-25T16:15:24","3","OPENJPA-295","OpenJPA"
"2","2007-07-19T20:23:13","3","OPENJPA-287","OpenJPA"
"","2007-07-09T15:59:41","4","OPENJPA-282","OpenJPA"
"2","2007-07-09T14:09:24","3","OPENJPA-281","OpenJPA"
"0,1,2","2007-07-05T20:49:46","3","OPENJPA-278","OpenJPA"
"0,1,2","2007-07-01T20:25:59","3","OPENJPA-274","OpenJPA"
"2","2007-06-29T18:53:18","3","OPENJPA-272","OpenJPA"